Product Name,Amazon Link,Category,Target Audience,Primary Pain Point
Logitech MX Vertical,https://amzn.to/4rzmYh4,Productivity,Developers,Wrist Strain
Adjustable Laptop Stand,https://amzn.to/4lxsSOD,Ergonomics,Remote Workers,Neck Pain
Felt Desk Mat,https://amzn.to/4lv9CB7,Aesthetic,Designers,Desk Organization
Herman Miller Sayl Chair,https://amzn.to/4sUNNO9,Ergonomics,High-end professionals,Back support
Branch Ergonomic Chair Pro,https://amzn.to/3NJXP5z,Ergonomics,Budget-conscious pros,Posture
Lamicall Adjustable Laptop Stand,https://amzn.to/4sNjEjB,Ergonomics,Remote Workers,Neck strain
Everlasting Comfort Foot Rest,https://amzn.to/3NtkZx1,Ergonomics,Desk workers,Leg circulation
Nordik by Design Felt Desk Mat,https://amzn.to/4sfxNGg,Aesthetic,Designers/Gamers,Desk protection
Divoom Times Gate Digital Clock,https://amzn.to/4lBLhd5,Aesthetic,Tech enthusiasts,Desk decor
Moleskine Classic Ruled Notebook,https://amzn.to/3PaUCfP,Aesthetic,Creative planners,Idea tracking
Industrial Edison Desk Lamp,https://amzn.to/47MLyUE,Aesthetic,Home decorators,Poor lighting
Acrylic Monitor Stand with Drawer,https://amzn.to/4sduxLw,Aesthetic,Minimalists,Desk clutter
Anker 5-in-1 USB Hub,https://amzn.to/4smsghs,Tech/Utility,MacBook/Laptop users,Port scarcity
Rocketbook Reusable Notebook,https://amzn.to/4rwPvUN,Tech/Utility,Students/Managers,Paper waste
Ember Smart Mug 2,https://amzn.to/4uyYG9K,Tech/Utility,Coffee lovers,Cold drinks
Sony WH-1000XM6 Headphones,https://amzn.to/4rLDZ8c,Tech/Utility,Deep workers,Background noise
BenQ ScreenBar Halo,https://amzn.to/4sHrrPY,Tech/Utility,Late-night workers,Eye strain
Lamicall Desk Cable Organizer,https://amzn.to/4rDAZKV,Organization,Tech setups,Cord tangles
Marbrasse Rotating Pen Holder,https://amzn.to/4smtCc2,Organization,Students/Artists,Stationary mess
Cable Management Box (Large),https://amzn.to/41f0xD7,Organization,Home offices,Messy power strips
S-HOOKS Under-desk hooks,https://amzn.to/3PdO6oD,Organization,Minimalists,Bag/Headphone storage
Pegboard Desktop Organizer,https://amzn.to/4dq3R5G,Organization,DIY enthusiasts,Vertical storage
Snailax Heated Massage Cushion,https://amzn.to/4rEwmQG,Wellness,Long-hour sitters,Muscle tension
Airlonv LED Therapy Lamp,https://amzn.to/4sPjoAE,Wellness,Seasonal workers,Mood boosting
Small Desktop Humidifier,https://amzn.to/4sJFFQg,Wellness,Office workers,Dry air
Walking Pad (Under-desk),https://amzn.to/40xccx5,Wellness,Health-conscious pros,Sedentary lifestyle
Blue Light Blocking Glasses,https://amzn.to/4sprdx5,Wellness,Screen users,Digital eye strain
Visual Timer (Pomodoro),https://amzn.to/3NlMdWm,Focus,ADHD/Productivity nerds,Time management
Noise Reduction Earplugs,https://amzn.to/47AulxG,Focus,Shared spaces,Loud environments
Whiteboard Desktop Glass Pad,https://amzn.to/3PdOu6z,Focus,Note-takers,Desktop clutter
Belkin 3-in-1 MagSafe Charger,https://amzn.to/4ltNlUg,Power,iPhone/Apple users,Multi-device charging
Baseus 100W Desktop Charger,https://amzn.to/4cRqEY6,Power,Power users,Slow charging
Logitech Z150 Speakers,https://amzn.to/3P536oR,Audio,Casual users,Low laptop audio
Blue Yeti USB Microphone,https://amzn.to/4rB5VLS,Audio,Streamers/Meeting pros,Poor voice quality
Govee RGBIC LED Strips,https://amzn.to/4sUs8pk,Lighting,Gamers/Setup creators,Boring ambiance
Litra Glow Streaming Light,https://amzn.to/47QSIr0,Lighting,Content creators,Bad video call lighting
ColorCoral Keyboard Cleaning Gel,https://amzn.to/4rF5RdL,Cleaning,Tech owners,Dust/Crumbs
Paladone Desktop Vacuum,https://amzn.to/418Bthb,Cleaning,Snackers,Messy desk
VIVO Electric Standing Desk,https://amzn.to/40CXkx7,Furniture,Health-conscious pros,Sitting too long
C-Shaped End Table,https://amzn.to/4bLI7zX,Furniture,Laptop users,Working from couch
Small Spaces Folding Desk,https://amzn.to/473IvqY,Furniture,Apartment dwellers,No dedicated office
Dual Monitor Mount Arm,https://amzn.to/4bhm1W8,Monitor Accs,Multi-taskers,Neck strain/Desk space
"18.5"" Portable Monitor",https://amzn.to/4dq4Cf2,Monitor Accs,Digital nomads,Single screen limits
Clever Fox Weekly Planner,https://amzn.to/4bNP8jO,Stationary,Goal setters,Disorganization
Zebra Mildliner Highlighters,https://amzn.to/4bChyMG,Stationary,Students/Journalers,Ugly highlighting
Artificial Succulent Set,https://amzn.to/4dlFZQM,Decor,Aesthetic seekers,Boring workspace
Smartish Magnetic Cable Holder,https://amzn.to/4rBxLrg,Decor,Tech enthusiasts,Lost charging cables
Faux Leather Desk Blotter,https://amzn.to/4bRNQn1,Decor,Executive setups,Hard writing surface
Yale Assure Lock 2,https://amzn.to/40Ay1Me,Security,Home office owners,Lack of privacy